Speaker,Text
SPEAKER_00,"Jamie? Is that you? Wow, it's been ages!"
SPEAKER_01,"Alex! Oh my gosh, it really has been forever. How have you been?"
SPEAKER_00,"I’ve been good, just busy with work and everything. How about you? What’s new?"
SPEAKER_01,"Same here, really. I actually just moved back to town last month. Been settling in, finding my groove again."
SPEAKER_00,That's great to hear! What brought you back after all this time?
SPEAKER_01,"Well, I wanted to be closer to family, and I got a job offer that was too good to pass up. What about you? Still at the same place?"
SPEAKER_00,"Yep, still grinding away at the marketing firm. But I've been promoted to a team lead now, so that’s something."
SPEAKER_01,"That’s fantastic, congrats! Must feel good to get that recognition."
SPEAKER_00,"Thanks! Yeah, it does. Speaking of jobs, what are you working on now"
SPEAKER_01,I'm with a startup now. We’re developing eco-friendly packaging solutions. It’s challenging but super rewarding.
SPEAKER_00,Sounds interesting! I remember you always talked about wanting to work in something eco-conscious.
SPEAKER_01,"Yeah, it’s kind of a dream come true. So, how's everyone else? Have you kept in touch with folks from our school days?"
SPEAKER_00,"Here and there. I sometimes see Erin when she's in town, and I bump into Max at the gym occasionally. It’s funny how everyone just scatters."
SPEAKER_01,Truly. Do you remember our graduation day? We promised to conquer the world and stay best friends.
SPEAKER_00,I do! We were so idealistic back then. I guess life just takes everyone on their own paths.
SPEAKER_01,"It does, but hey, it's never too late to reconnect. What do you say about grabbing dinner sometime? Catch up properly?"
SPEAKER_00,"I’d like that. Let’s not wait another decade, okay? How about next week?"
SPEAKER_01,Next week sounds perfect. Let’s do it. I’ll text you and we can sort out the details.
SPEAKER_00,"Looking forward to it. It was really good seeing you, Jamie."
SPEAKER_01,"You too, Alex. I’ll see you next week then!"
SPEAKER_00,"Definitely, take care!"
